Area_Code_Level2,Area_Name_Level2,Age 0-4,Age 5-9,Age 10-14,Age 15-19,Age 20-24,Age 25-29,Age 30-34,Age 35-39,Age 40-44,Age 45-49,Age 50-54,Age 55-59,Age 60-64,Age 65-69,Age 70-74,Age 75-79,Age 80-84,Age 85 and over
401011001,Adelaide,336,273,308,1049,4359,3745,2254,1525,1105,839,784,789,759,740,668,581,299,257
401011002,North Adelaide,186,167,180,516,1095,749,562,483,351,322,331,329,353,333,433,362,223,256
401021003,Adelaide Hills,319,373,448,474,453,294,318,341,347,433,608,624,625,505,410,284,147,132
401021004,Aldgate - Stirling,930,1187,1411,1398,894,541,756,1080,1197,1423,1546,1202,1246,1214,1119,826,366,307
401021005,Hahndorf - Echunga,242,239,279,293,287,149,172,289,268,278,389,321,325,345,311,250,147,147
401021006,Lobethal - Woodside,491,589,590,591,549,474,507,590,561,567,687,710,676,591,531,438,297,256
401021007,Mount Barker,1617,1549,1672,1550,1338,1775,1855,1787,1663,1512,1537,1313,1202,1164,1059,938,554,494
401021008,Mount Barker Surrounds,418,418,491,413,331,304,393,443,464,454,537,591,562,474,375,256,106,81
401021009,Nairne,400,442,394,340,304,397,447,389,348,348,376,336,355,248,230,166,55,34
401021010,Uraidla - Summertown,298,357,426,458,361,273,314,388,417,424,459,467,441,385,311,243,125,99
401031011,Burnside - Wattle Park,767,1125,1311,1453,1273,1019,896,1038,1308,1335,1328,1257,1287,1138,1086,954,637,631
401031012,Beaumont - Glen Osmond,341,676,886,946,572,404,355,541,806,803,757,621,611,572,547,507,311,271
401031013,Toorak Gardens,681,942,1092,1151,1008,861,909,1001,1083,997,1082,917,967,965,1018,984,633,783
401041014,Athelstone,440,579,596,594,581,546,550,629,685,600,673,663,686,558,523,435,279,185
401041015,Paradise - Newton,1194,1214,1070,1096,1466,1819,1826,1641,1556,1216,1334,1223,1164,1026,961,998,746,925
401041016,Rostrevor - Magill,1196,1425,1538,1497,1730,1740,1769,1813,1849,1616,1660,1401,1332,1084,971,929,805,918
401051017,Norwood (SA),386,495,473,717,835,1122,978,830,748,674,640,592,722,643,621,579,298,281
401051018,Payneham - Felixstow,676,699,676,629,912,1090,1091,1074,860,750,799,741,674,626,558,541,485,712
401051019,St Peters - Marden,648,669,759,900,1020,1032,983,972,847,783,872,890,974,757,638,529,377,435
401061020,Nailsworth - Broadview,346,369,363,388,438,493,457,479,460,404,413,418,445,359,297,186,102,115
401061021,Prospect,810,955,1036,916,1263,1493,1348,1323,1129,1072,942,957,915,807,571,421,281,366
401061022,Walkerville,335,462,481,529,553,496,498,512,522,475,554,523,510,507,455,411,262,335
401071023,Goodwood - Millswood,782,919,962,1089,1218,1375,1209,1223,1128,1174,1153,1125,1146,1062,1019,721,428,437
401071024,Unley - Parkside,836,1152,1347,1356,1328,1412,1208,1314,1435,1455,1404,1226,1167,1164,1197,1015,762,981
402011025,Gawler - North,519,658,784,788,589,454,516,624,674,669,767,727,620,506,379,317,183,190
402011026,Gawler - South,1270,1361,1457,1352,1383,1592,1471,1448,1337,1216,1430,1482,1523,1380,1123,1003,718,790
402011027,Lewiston - Two Wells,508,479,496,506,474,513,524,529,461,467,595,540,458,331,231,192,83,68
402021028,Craigmore - Blakeview,1437,1588,1639,1442,1341,1536,1633,1569,1339,1179,1279,1296,1165,838,630,487,316,288
402021029,Davoren Park,1652,1724,1651,1358,1462,1611,1666,1594,1264,1013,975,904,870,605,475,313,217,163
402021030,Elizabeth,777,866,826,750,753,802,747,770,695,603,618,637,605,505,367,346,265,326
402021031,Elizabeth East,1007,975,1046,950,930,1084,1022,1028,849,782,843,846,839,636,548,400,285,337
402021032,Munno Para West - Angle Vale,1889,1653,1547,1206,1419,2228,1938,1689,1188,945,887,856,700,552,404,266,189,170
402021033,One Tree Hill,101,119,162,201,168,93,69,148,144,154,201,252,222,189,131,103,43,7
402021034,Smithfield - Elizabeth North,801,913,953,829,968,937,952,889,704,648,766,732,716,619,505,351,223,266
402021035,Virginia - Waterloo Corner,483,428,368,282,336,597,588,483,370,332,303,353,357,398,294,268,174,167
402031036,Enfield - Blair Athol,1741,1587,1399,1434,2125,3027,2825,2369,1891,1594,1399,1198,1226,987,817,616,428,558
402031038,Windsor Gardens,1546,1473,1274,1097,1457,2113,2265,2324,1818,1278,1249,1126,1043,949,788,614,446,559
402031175,Northgate - Northfield,1156,1107,1040,939,1295,1776,1906,1945,1548,1231,1101,911,810,668,640,535,287,294
402031176,Valley View - Gilles Plains,659,654,641,556,725,802,875,892,822,628,661,468,497,434,427,500,309,207
402041039,Dry Creek - North,0,0,0,0,0,0,0,0,0,0,0,0,0,0,0,0,0,0
402041040,Ingle Farm,877,967,935,919,972,1148,1125,1143,1106,947,986,854,745,666,816,877,506,437
402041041,Para Hills,877,876,1023,937,978,1056,1142,1109,1084,900,922,966,898,759,665,488,314,310
402041042,Parafield,0,0,0,0,11,3,3,0,0,0,1,0,0,0,0,0,0,0
402041043,Parafield Gardens,1204,1292,1323,1138,1210,1296,1357,1426,1276,1048,1067,1088,1097,864,710,543,384,299
402041044,Paralowie,1143,1246,1317,1266,1273,1295,1397,1391,1251,1095,1252,1196,1064,851,593,359,202,114
402041046,Salisbury,1200,1210,1154,1091,1162,1436,1434,1393,1098,1049,1116,1090,1102,900,800,647,484,495
402041047,Salisbury East,1053,1170,1240,1241,1205,1208,1178,1205,1150,1151,1202,1108,1155,975,914,740,479,521
402041048,Salisbury North,1274,1409,1404,1273,1394,1348,1508,1556,1370,1077,1032,970,966,842,616,389,238,245
402041171,Mawson Lakes - Globe Derby Park,850,886,878,922,1388,1552,1387,1278,1131,893,887,697,627,525,358,247,119,125
402041172,Pooraka - Cavan,495,515,450,491,561,631,632,607,552,468,482,474,452,430,365,291,180,190
402051049,Golden Grove,448,567,677,709,669,524,464,637,628,634,712,822,769,585,516,492,329,318
402051050,Greenwith,445,571,686,707,598,454,545,588,604,681,726,671,605,436,366,265,140,104
402051051,Highbury - Dernancourt,602,682,684,782,741,644,661,736,746,701,739,716,656,622,607,589,360,256
402051052,Hope Valley - Modbury,1031,916,878,812,1085,1412,1419,1399,1263,956,971,886,822,861,901,882,741,797
402051053,Modbury Heights,1018,1191,1300,1175,1080,1006,1119,1420,1447,1226,1242,1229,1308,1232,1178,752,403,370
402051054,Redwood Park,971,1029,1061,1067,902,1017,1124,1214,1114,1027,1040,1027,912,977,858,710,402,273
402051055,St Agnes - Ridgehaven,703,734,777,681,732,811,886,887,844,779,865,784,817,728,711,738,495,428
403011056,Brighton (SA),644,764,858,916,805,721,671,826,928,988,1017,1010,1201,1114,1025,877,550,643
403011057,Glenelg (SA),723,805,959,1026,1233,1305,1364,1324,1264,1110,1412,1311,1571,1525,1496,1255,736,864
403021058,Edwardstown,782,797,692,690,1178,1495,1453,1225,1060,870,846,762,785,764,567,443,325,381
403021059,Hallett Cove,651,715,711,722,694,678,681,865,834,855,859,908,1011,930,755,445,260,185
403021060,Marino - Seaview Downs,532,612,633,631,557,425,569,677,657,692,683,601,581,562,502,498,296,235
403021061,Mitchell Park,902,807,761,875,1298,1665,1629,1472,1096,889,923,830,880,836,766,693,508,595
403021062,Morphettville,994,922,832,863,1189,1459,1333,1363,1122,958,1001,957,995,905,812,620,388,592
403021063,Sheidow Park - Trott Park,631,751,762,657,531,550,694,801,820,736,672,655,644,588,432,225,114,114
403021064,Warradale,994,939,805,865,1129,1532,1486,1336,1150,963,923,790,878,887,876,661,409,592
403031065,Belair,212,268,304,307,323,160,162,291,310,345,345,338,317,269,299,272,193,185
403031066,Bellevue Heights,328,371,437,581,952,637,512,506,453,471,476,378,404,358,368,334,265,315
403031067,Blackwood,718,858,923,893,709,490,664,864,969,1005,1009,840,744,762,684,619,420,329
403031068,Colonel Light Gardens,867,1027,997,1005,1029,966,988,1127,1142,1119,1105,950,930,813,671,524,300,437
403031069,Mitcham (SA),701,963,1144,1299,1060,747,736,806,1065,1083,1252,1029,1138,1016,1011,776,462,499
403031070,Panorama,479,479,478,505,525,604,674,624,604,503,490,459,438,414,400,411,339,423
403041071,Aberfoyle Park,574,734,731,768,661,600,675,742,786,700,814,809,889,800,606,432,255,331
403041072,Aldinga,871,1132,1144,1069,863,881,930,1119,1065,981,1149,1045,1060,946,817,677,375,307
403041073,Christie Downs,538,550,620,532,652,656,612,631,603,606,603,573,549,477,567,426,257,206
403041074,Christies Beach,637,576,621,636,659,778,910,768,712,674,777,717,732,631,572,473,275,350
403041075,Clarendon,109,146,150,195,180,83,93,128,168,199,243,217,247,240,198,134,72,22
403041076,Coromandel Valley,240,333,384,312,234,175,245,301,369,337,335,288,272,234,219,181,103,28
403041077,Flagstaff Hill,568,670,696,727,707,506,594,711,741,723,774,741,687,686,652,512,241,188
403041078,Hackham - Onkaparinga Hills,399,404,435,455,446,457,505,457,426,404,457,444,486,422,412,350,164,121
403041079,Hackham West - Huntfield Heights,454,486,545,461,492,590,562,546,497,500,512,487,478,416,429,290,142,121
403041080,Happy Valley,839,766,836,826,722,846,918,977,937,873,837,791,841,913,889,690,396,385
403041081,Happy Valley Reservoir,0,0,0,0,0,0,0,0,0,0,0,0,0,0,0,0,0,0
403041082,Lonsdale,0,3,0,0,1,4,1,2,0,1,6,3,0,0,4,1,0,0
403041083,McLaren Vale,475,470,515,443,391,435,491,499,483,416,554,537,521,478,451,366,300,252
403041084,Morphett Vale - East,818,768,783,737,843,1004,987,923,886,827,906,843,833,830,815,645,381,332
403041085,Morphett Vale - West,621,601,599,505,596,813,894,760,560,569,611,579,599,576,591,519,273,179
403041086,Reynella,587,590,617,573,572,690,771,787,679,627,608,589,643,523,593,475,287,336
403041088,Willunga,143,217,253,229,183,137,137,181,197,240,296,289,291,314,244,175,97,68
403041089,Woodcroft,577,676,720,759,757,607,648,727,691,747,826,815,733,667,572,548,337,285
403041177,Seaford - Seaford Meadows,957,987,1007,920,780,1027,1206,1176,1017,913,871,748,716,705,649,533,334,325
403041178,Seaford Rise - Moana,608,704,810,704,646,634,645,743,730,706,769,769,724,608,548,396,212,196
404011090,Beverley,666,495,490,482,576,830,881,842,639,564,586,557,553,389,320,228,156,190
404011091,Flinders Park,926,935,844,912,1162,1346,1525,1280,1094,1053,1051,1022,980,763,705,691,565,532
404011092,Henley Beach,678,857,1024,923,1021,897,910,923,1007,1094,1295,1180,1073,847,826,735,484,479
404011093,Hindmarsh - Brompton,1002,885,856,927,1485,2208,2102,1610,1294,1102,1247,1199,1140,954,739,548,383,445
404011094,Royal Park - Hendon - Albert Park,401,333,307,357,439,610,623,546,409,431,436,425,351,319,254,178,109,197
404011095,Seaton - Grange,996,916,846,829,935,1198,1437,1260,1078,987,1160,1138,1145,1055,980,832,557,657
404011096,West Lakes,680,744,751,717,707,731,830,896,916,844,938,981,1107,1196,1294,1107,600,727
404011097,Woodville - Cheltenham,1138,1049,983,1029,1501,1884,1801,1618,1275,1129,1313,1219,1181,941,790,517,386,450
404021098,Dry Creek - South,0,0,0,0,0,0,0,0,0,0,0,0,0,0,0,0,0,0
404021099,Largs Bay - Semaphore,793,713,705,741,786,897,1041,1080,970,956,1144,1278,1379,976,762,542,266,343
404021100,North Haven,779,753,757,818,855,919,980,999,918,860,1059,990,1171,1066,895,661,417,371
404021101,Port Adelaide,585,586,574,641,710,911,992,958,826,712,803,842,831,714,570,401,253,269
404021102,The Parks,1108,1120,1063,1192,1671,2016,1805,1597,1384,1177,1281,1117,1063,944,735,568,339,472
404021103,Torrens Island,0,0,0,0,0,0,0,0,0,0,0,0,1,0,4,0,0,0
404031104,Adelaide Airport,0,0,0,0,0,0,0,0,0,3,0,0,0,0,0,0,0,0
404031105,Fulham,144,165,226,201,146,150,120,182,207,175,206,211,194,175,121,106,97,213
404031106,Lockleys,776,700,733,643,915,1116,1111,1056,941,793,842,810,841,740,579,528,406,476
404031107,Plympton,1394,1345,1232,1367,2299,2984,2758,2261,1835,1481,1467,1403,1304,1030,993,937,673,946
404031108,Richmond (SA),858,726,717,818,1481,2151,1784,1436,1149,955,1187,988,988,751,612,462,325,528
404031109,West Beach,231,307,282,318,322,283,325,366,332,349,391,356,345,286,263,257,182,160
405011110,Barossa - Angaston,260,406,488,457,304,292,272,357,417,469,496,503,567,484,399,298,183,106
405011111,Light,601,679,729,709,576,582,620,612,603,565,718,686,777,646,521,348,202,176
405011112,Lyndoch,323,446,518,498,329,301,346,433,416,469,519,522,508,430,331,256,106,107
405011113,Mallala,160,198,243,231,179,180,192,230,204,203,246,273,283,213,180,145,64,53
405011114,Nuriootpa,335,410,453,502,397,433,428,451,460,423,482,403,491,512,503,439,276,243
405011115,Tanunda,200,246,321,229,203,133,230,300,281,295,325,296,363,334,359,247,202,202
405021116,Clare,255,236,245,244,163,246,248,278,229,217,269,264,276,288,251,218,147,133
405021117,Gilbert Valley,228,235,345,286,186,183,213,271,256,268,366,429,476,432,390,275,175,116
405021118,Goyder,184,208,252,235,161,157,192,174,190,210,278,326,387,396,322,238,137,94
405021119,Wakefield - Barunga West,506,591,659,521,421,393,439,491,474,481,663,707,844,776,676,508,313,270
405031120,Jamestown,257,320,297,244,182,171,213,229,238,230,308,340,415,367,334,269,166,125
405031121,Peterborough - Mount Remarkable,234,242,301,292,126,172,189,230,253,253,383,424,597,577,438,351,192,177
405031122,Port Pirie,743,782,850,942,844,924,784,730,717,766,992,896,969,831,788,707,459,445
405031123,Port Pirie Surrounds,161,229,241,227,142,125,145,193,175,182,221,235,271,253,217,193,97,80
405041124,Kadina,286,317,389,367,264,255,323,301,294,303,327,380,432,399,351,280,191,213
405041125,Moonta,189,201,235,187,159,216,218,179,212,209,347,445,503,620,653,462,276,233
405041126,Wallaroo,184,227,216,195,154,147,159,198,217,220,303,351,510,485,450,378,189,162
405041127,Yorke Peninsula - North,377,358,420,302,211,269,272,305,349,335,433,524,746,743,746,682,336,277
405041128,Yorke Peninsula - South,178,174,185,184,142,160,134,186,175,191,247,362,467,480,410,364,176,142
406011129,Ceduna,194,213,186,138,161,188,208,174,153,133,203,172,181,173,152,105,73,43
406011130,Eyre Peninsula,399,397,477,411,219,248,342,375,374,396,510,488,586,576,488,387,225,189
406011131,Kimba - Cleve - Franklin Harbour,207,285,297,202,155,189,221,238,237,214,268,303,364,328,298,226,156,123
406011132,Le Hunte - Elliston,96,146,181,130,95,81,110,141,133,126,136,149,197,165,123,63,52,56
406011133,Port Lincoln,939,1097,1095,1044,776,977,1093,1159,972,983,1087,1097,1172,1011,926,677,470,416
406011134,West Coast (SA),221,250,274,202,163,190,191,227,201,229,277,264,327,339,236,135,52,59
406011135,Western,0,10,0,4,3,15,21,12,13,16,13,19,2,5,5,0,6,0
406011136,Whyalla,1157,1328,1428,1351,1193,1449,1378,1394,1120,1262,1591,1543,1476,1193,963,856,616,509
406011137,Whyalla - North,0,0,0,0,0,0,0,0,0,0,0,0,0,0,0,0,0,0
406021138,APY Lands,185,230,193,214,252,286,277,202,159,153,156,125,88,53,35,2,12,10
406021139,Coober Pedy,66,53,52,82,48,103,113,88,64,89,95,116,110,150,107,120,70,24
406021140,Quorn - Lake Gilles,100,99,106,100,87,106,89,100,85,92,148,176,221,219,199,150,78,41
406021141,Outback,76,76,86,50,128,186,158,133,112,114,177,153,195,144,100,48,33,13
406021142,Port Augusta,773,839,965,897,696,1048,1149,1038,770,797,859,882,948,697,637,502,309,276
406021143,Roxby Downs,363,378,308,191,223,405,488,469,335,249,261,199,170,46,16,11,1,0
407011144,Goolwa - Port Elliot,411,450,556,527,399,342,443,436,564,593,668,789,1190,1448,1502,1328,835,725
407011145,Kangaroo Island,275,284,280,194,172,225,290,258,259,268,324,359,480,455,396,311,161,134
407011146,Strathalbyn,405,468,515,495,437,446,422,405,414,436,588,498,604,575,562,496,318,240
407011147,Strathalbyn Surrounds,400,461,521,555,391,275,398,439,486,507,686,658,743,621,599,386,162,88
407011148,Victor Harbor,528,721,783,702,485,444,546,678,647,733,876,870,1394,1588,1847,1817,1003,930
407011149,Yankalilla,270,335,351,358,221,165,231,296,293,336,454,549,678,725,664,449,260,159
407021150,Grant,280,313,407,381,295,307,346,403,428,419,521,515,466,446,365,265,114,113
407021151,Kingston - Robe,162,158,185,190,160,209,175,182,185,209,263,294,375,371,331,270,155,122
407021152,Millicent,245,260,322,349,299,228,218,221,282,322,363,400,422,406,380,307,162,212
407021154,Naracoorte,357,388,444,365,342,416,471,443,444,357,358,347,401,335,305,276,207,214
407021155,Naracoorte Surrounds,152,143,180,154,90,116,108,138,162,140,204,163,237,162,151,82,43,33
407021156,Penola,142,172,219,171,129,118,163,163,179,212,252,250,250,224,224,153,85,63
407021157,Tatiara,384,390,483,425,383,468,465,407,425,399,473,502,458,422,355,265,194,168
407021158,Wattle Range,187,197,213,220,139,127,171,178,186,208,224,311,348,322,294,141,99,48
407021173,Mount Gambier - East,841,952,997,1102,834,866,952,906,906,887,1113,983,1031,917,800,585,403,416
407021174,Mount Gambier - West,851,898,949,948,817,966,921,975,820,826,886,915,979,891,831,688,467,464
407031159,Barmera,242,347,393,425,313,335,306,340,308,404,440,458,572,538,469,327,189,177
407031160,Berri,223,217,228,231,290,304,278,273,227,225,258,232,265,257,243,186,105,166
407031161,Karoonda - Lameroo,139,165,176,173,126,134,168,169,188,171,167,236,218,181,178,165,100,90
407031162,Loxton,345,360,359,360,235,261,296,326,309,307,380,339,393,353,372,302,219,183
407031163,Loxton Surrounds,87,96,102,91,80,75,95,89,70,105,156,154,170,143,126,76,47,34
407031164,Mannum,236,296,352,331,196,249,276,257,290,298,532,595,661,690,666,476,249,198
407031165,Murray Bridge,1030,1071,1141,1115,1079,1329,1314,1170,1003,1005,1194,1214,1280,1156,1044,982,625,619
407031166,Murray Bridge Surrounds,199,208,249,222,212,164,186,198,205,222,312,358,357,278,238,174,85,38
407031167,Renmark,261,240,260,227,214,337,327,268,276,239,247,259,307,333,326,256,181,187
407031168,Renmark Surrounds,282,306,297,340,323,344,339,301,283,288,393,392,416,348,291,207,120,92
407031169,The Coorong,303,315,350,270,220,305,319,279,272,291,328,392,478,435,354,333,218,158
407031170,Waikerie,280,337,358,373,250,273,323,369,365,394,438,526,518,612,568,400,191,176
501011001,Augusta,383,496,501,319,161,209,373,522,549,478,488,532,607,550,511,316,176,176
501011003,Busselton Surrounds,710,858,983,747,365,480,727,875,1017,896,956,878,837,937,806,568,311,206
501011004,Margaret River,696,805,837,655,356,615,785,885,954,940,842,588,674,606,461,303,134,134
501011293,Busselton - East,473,527,655,582,401,400,558,527,600,620,746,606,710,675,686,553,320,238
501011294,Busselton - West,1020,1244,1533,1412,774,823,1031,1257,1375,1294,1343,1194,1337,1372,1316,1115,664,715
501021005,Australind - Leschenault,1333,1584,1696,1439,937,1002,1285,1454,1408,1305,1245,1258,1280,1176,957,745,400,282
501021007,Capel,275,346,443,385,240,229,281,331,360,383,425,417,453,413,332,256,129,94
501021008,College Grove - Carey Park,388,382,422,427,460,486,582,560,488,459,512,437,463,421,327,260,154,163
501021009,Collie,500,572,563,611,452,454,466,517,490,511,631,688,705,676,584,441,233,201
501021010,Dardanup,196,234,239,217,145,123,173,187,245,204,288,276,295,260,188,133,75,53
501021011,Davenport,0,0,0,0,0,0,5,0,0,0,2,4,0,0,0,0,0,0
501021012,Eaton - Pelican Point,857,891,868,806,650,818,906,918,902,745,780,729,751,661,643,504,374,319
501021014,Harvey,473,523,659,675,428,583,581,564,578,672,698,754,697,677,551,419,252,220
501021015,East Bunbury - Glen Iris,434,453,479,454,385,507,574,486,437,438,474,472,541,421,388,323,209,204
501021016,Waroona,216,254,271,269,201,153,199,238,278,231,331,367,375,320,299,185,153,117
501021251,Dalyellup,700,868,922,893,599,582,681,796,778,766,747,608,469,339,284,245,122,67
501021252,Gelorup - Stratham,114,192,273,303,157,83,109,141,183,258,276,246,248,246,178,112,47,27
501021253,South Bunbury - Bunbury,607,660,738,724,577,789,833,743,807,809,957,846,936,904,812,685,396,488
501021254,Withers - Usher,335,353,346,349,325,314,332,368,371,339,373,314,360,305,250,194,110,70
501031017,Bridgetown - Boyup Brook,325,448,513,417,243,293,276,363,447,466,517,574,700,622,605,404,245,159
501031018,Donnybrook - Balingup,340,392,377,337,211,243,326,374,333,368,457,502,528,575,431,353,175,116
501031019,Manjimup,298,371,366,360,289,274,294,336,309,324,354,410,442,353,313,217,158,128
501031020,Pemberton,191,232,283,295,137,171,227,292,315,334,415,473,548,506,429,326,182,121
502011021,Dawesville - Bouvard,496,573,656,609,415,389,489,563,572,576,662,528,670,748,705,536,279,132
502011022,Falcon - Wannanup,488,522,594,570,437,417,502,559,567,594,699,725,852,947,863,646,336,240
502011023,Greenfields,517,679,617,599,605,495,525,609,514,478,653,639,676,625,581,615,557,577
502011024,Halls Head - Erskine,980,1104,1225,1281,1004,981,927,1083,1158,1154,1412,1387,1538,1518,1594,1519,936,754
502011025,Mandurah,499,446,431,518,654,678,628,631,577,584,734,758,856,804,826,631,431,416
502011026,Mandurah - East,325,352,440,390,374,347,373,359,350,426,464,481,566,567,574,462,284,181
502011027,Mandurah - North,1638,1814,1836,1642,1295,1469,1629,1805,1628,1400,1434,1356,1225,1044,945,864,535,497
502011028,Mandurah - South,539,567,709,683,660,615,530,581,585,614,789,788,869,986,929,885,526,522
502011029,Pinjarra,648,744,784,743,510,518,572,716,700,633,673,723,694,696,640,541,350,331
503011030,City Beach,177,417,601,700,464,275,156,241,375,511,621,523,466,375,300,298,305,372
503011031,Claremont (WA),357,451,604,710,742,686,625,557,572,526,652,575,516,528,530,538,456,484
503011032,Cottesloe,384,404,515,584,578,558,462,506,449,512,549,602,524,478,467,401,257,230
503011033,Floreat,357,721,861,796,521,269,288,428,657,717,775,647,585,510,376,292,190,181
503011034,Mosman Park - Peppermint Grove,453,605,794,973,811,734,696,672,740,735,844,741,681,669,556,483,316,265
503011035,Nedlands - Dalkeith - Crawley,641,1081,1374,2023,3074,1634,945,1032,1038,1161,1162,1023,900,928,957,850,528,513
503011036,Swanbourne - Mount Claremont,494,645,806,901,548,470,459,525,593,659,776,670,574,530,510,412,272,319
503021037,Kings Park (WA),0,0,0,0,4,3,0,0,0,0,3,2,13,5,2,8,5,5
503021038,Mount Hawthorn - Leederville,778,789,826,691,702,1037,1173,1206,1001,891,926,694,613,500,351,238,160,220
503021039,Mount Lawley - Inglewood,894,892,794,896,1334,1643,1616,1535,1353,1100,1135,1116,986,889,754,501,292,390
503021040,North Perth,522,484,542,461,637,1036,986,922,848,681,664,668,576,450,377,240,171,235
503021042,Subiaco - Shenton Park,795,994,1053,921,1165,1687,1569,1433,1315,1155,1156,1058,1008,1026,1033,825,595,538
503021043,Wembley - West Leederville - Glendalough,1082,1245,1253,979,1211,1908,2128,2003,1669,1377,1150,867,880,866,719,533,354,511
503021295,East Perth,417,249,173,320,1184,2198,2116,1523,989,701,739,665,667,538,466,292,151,121
503021296,Perth (North) - Highgate,444,375,287,244,1125,2342,2222,1548,902,647,584,530,490,389,327,186,137,100
503021297,Perth (West) - Northbridge,397,212,148,272,1648,2768,2504,1728,1068,612,572,578,521,384,333,259,170,192
504011044,Bassendean - Eden Hill - Ashfield,1024,995,883,805,852,1079,1342,1443,1232,1044,1143,1040,1040,883,750,586,391,382
504011045,Bayswater - Embleton - Bedford,1711,1520,1370,1336,1450,1805,2285,2327,2034,1694,1772,1527,1384,1150,971,812,486,630
504011046,Maylands,680,573,499,472,1054,1814,1918,1593,1156,805,794,703,624,534,488,380,191,175
504011047,Morley,1353,1352,1170,1204,1581,2011,2067,2013,1613,1453,1423,1359,1300,1134,1070,973,693,662
504011048,Noranda,392,417,455,562,496,476,491,457,508,456,487,510,602,587,550,408,265,254
504021049,Chidlow,130,140,187,241,337,405,527,530,415,385,376,351,353,222,172,97,52,32
504021050,Glen Forrest - Darlington,396,482,547,500,348,218,293,435,485,510,623,559,581,481,421,380,180,131
504021051,Helena Valley - Koongamia,407,376,356,325,389,374,384,424,367,325,360,417,395,357,370,294,200,125
504021052,Malmalling - Reservoir,0,0,0,3,0,0,0,2,0,1,0,1,0,0,2,2,0,0
504021053,Mundaring,681,841,957,1001,642,505,737,796,895,915,1074,1079,1074,925,733,587,333,290
504021054,Swan View - Greenmount - Midvale,744,775,848,810,853,923,927,856,871,842,877,934,858,759,685,591,403,408
504031055,Avon Valley National Park,0,3,0,0,0,0,0,1,1,0,0,0,0,1,1,0,0,0
504031056,Ballajura,1077,1279,1297,1391,1387,1283,1201,1259,1226,1086,1334,1472,1452,1064,656,461,304,234
504031057,Beechboro,1780,1870,1648,1445,1580,1971,2233,2254,1918,1416,1369,1281,1135,900,679,398,241,183
504031058,Bullsbrook,409,401,431,402,485,472,414,420,314,453,449,434,408,307,226,158,89,40
504031060,Gidgegannup,116,144,200,236,157,106,109,158,176,234,303,293,278,179,122,97,55,58
504031061,Hazelmere - Guildford,489,384,372,337,319,489,608,553,496,397,407,362,346,285,239,184,108,61
504031062,Lockridge - Kiara,1092,1136,897,786,811,918,1183,1404,1007,932,841,708,683,546,397,310,190,109
504031063,Malaga,0,0,0,0,0,6,2,2,2,4,0,4,0,3,0,0,0,0
504031064,Melaleuca - Lexia,0,0,0,0,0,0,0,0,0,0,0,0,0,0,0,0,0,0
504031065,Middle Swan - Herne Hill,290,364,362,419,381,388,394,447,395,339,430,401,390,332,295,233,167,141
504031066,Midland - Guildford,595,534,484,601,866,942,1004,865,811,697,826,703,751,591,487,396,283,357
504031067,Stratton - Jane Brook,466,537,525,538,496,494,574,473,501,441,578,509,461,298,218,177,110,88
504031068,The Vines,931,1137,1126,1002,830,804,949,1074,1027,932,1013,886,738,536,504,354,158,122
504031069,Walyunga National Park,0,0,0,0,0,0,0,0,0,0,0,0,0,0,0,0,0,0
504031298,Aveley,1500,1518,1462,1231,1021,1453,1791,1807,1484,1180,965,740,589,435,335,247,120,111
504031299,Brabham - Henley Brook,1484,1278,879,724,855,1467,1872,1689,1030,772,678,521,399,266,176,145,65,37
504031300,Ellenbrook,1371,1724,1782,1561,1430,1285,1484,1623,1579,1355,1334,1115,797,598,511,465,347,358
505011070,Craigie - Beldon,991,740,606,536,546,936,1146,1088,789,685,660,478,562,491,422,320,140,142
505011071,Currambine - Kinross,805,914,1009,1068,1009,863,820,977,860,972,1203,1205,991,684,468,361,193,170
505011072,Duncraig,920,1212,1422,1290,778,532,664,1112,1302,1287,1230,831,871,946,943,808,409,351
505011073,Greenwood - Warwick,898,879,892,858,777,741,950,1206,1062,892,957,746,689,742,850,721,347,233
505011074,Heathridge - Connolly,728,740,662,684,657,726,852,874,786,693,722,670,768,617,489,345,162,174
505011075,Hillarys,456,665,889,885,668,473,451,601,803,822,878,816,892,804,689,491,251,179
505011076,Iluka - Burns Beach,411,637,854,907,725,364,346,543,696,835,1054,954,867,588,386,237,105,76
505011077,Joondalup - Edgewater,711,783,725,805,1313,1188,1064,1076,943,868,833,902,972,902,669,480,295,355
505011078,Kingsley,717,919,936,825,650,499,629,907,1024,824,827,823,912,970,872,581,334,467
505011079,Mullaloo - Kallaroo,608,723,891,911,739,554,558,767,879,849,916,841,780,695,707,493,252,233
505011080,Ocean Reef,390,512,655,697,566,330,320,417,541,579,734,675,653,565,456,273,161,138
505011081,Padbury,730,670,608,534,395,463,669,883,728,562,580,416,493,478,427,313,166,109
505011082,Sorrento - Marmion,410,655,776,731,618,361,349,585,631,727,776,712,750,764,735,589,304,256
505011083,Woodvale,451,578,768,727,649,390,365,561,679,689,671,740,823,700,544,308,211,213
505021084,Balcatta - Hamersley,1082,960,842,839,874,1289,1457,1489,1236,1042,985,846,839,751,816,751,528,585
505021085,Balga - Mirrabooka,1617,1611,1461,1328,1623,2122,2131,1922,1533,1283,1156,1090,1057,924,744,550,324,243
505021087,Herdsman,0,0,0,0,0,0,0,0,0,0,0,0,0,0,0,0,0,0
505021088,Innaloo - Doubleview,1332,1006,879,927,1077,1804,2250,2001,1491,1168,1142,1035,934,844,655,512,382,510
505021089,Karrinyup - Gwelup - Carine,1412,1777,1774,1685,1102,880,1048,1597,1823,1690,1746,1309,1232,1181,1208,1113,725,824
505021090,Nollamara - Westminster,1598,1222,998,786,1461,2501,2635,2382,1718,1136,1017,895,924,826,593,438,334,354
505021091,Osborne Park Industrial,10,5,8,7,22,71,58,30,22,9,10,5,7,4,6,2,4,1
505021092,Scarborough,1068,908,806,743,1059,2100,2527,2048,1505,1185,1115,932,859,722,599,455,331,281
505021093,Stirling - Osborne Park,839,788,740,732,961,1363,1403,1382,1160,957,945,883,800,761,718,565,374,343
505021094,Trigg - North Beach - Watermans Bay,415,515,533,493,500,362,395,529,588,562,575,534,578,505,535,429,270,205
505021095,Tuart Hill - Joondanna,804,565,456,421,799,1548,1802,1467,1073,819,748,732,676,539,470,356,207,360
505021096,Wembley Downs - Churchlands - Woodlands,707,1009,1265,1362,866,742,679,981,1201,1221,1180,944,841,728,649,590,556,578
505021097,Yokine - Coolbinia - Menora,945,872,899,807,985,1513,1607,1507,1226,1163,1069,995,943,822,752,719,570,864
505021301,Dianella - North,572,660,672,728,855,785,617,788,700,747,921,839,860,741,653,538,429,426
505021302,Dianella - South,734,694,660,671,819,1041,1118,1156,944,804,957,768,789,713,635,544,459,572
505031098,Alexander Heights - Koondoola,687,827,813,839,886,832,733,827,797,706,764,770,781,674,502,360,191,165
505031099,Butler - Merriwa - Ridgewood,1580,1791,1949,1931,1728,1691,1769,1892,1689,1624,1695,1352,1003,837,817,711,589,611
505031100,Carramar,1574,1742,1609,1559,1373,1538,1788,1888,1577,1376,1355,1064,831,560,415,258,129,88
505031101,Clarkson,1082,1113,889,897,995,1378,1366,1326,1070,887,931,842,764,588,411,267,149,112
505031102,Girrawheen,622,612,656,605,695,830,755,718,698,638,601,494,469,452,384,269,178,131
505031104,Marangaroo,593,655,648,702,692,753,751,773,685,647,679,661,676,589,448,365,237,222
505031105,Mindarie - Quinns Rocks - Jindalee,1210,1297,1601,1863,1655,1260,1227,1354,1407,1644,2089,1866,1514,924,742,574,370,305
505031106,Neerabup National Park,0,0,0,1,1,0,0,0,1,1,0,0,0,0,0,0,0,0
505031107,Tapping - Ashby - Sinagra,904,1024,1165,1035,893,792,873,1093,1163,996,1089,799,679,556,457,432,322,219
505031255,Alkimos - Eglinton,1717,1615,1287,996,1067,1709,1890,1736,1355,1013,1007,711,543,434,308,187,90,41
505031256,Carabooda - Pinjar,36,43,55,61,60,29,46,34,27,67,64,50,63,55,27,25,13,9
505031257,Two Rocks,275,357,357,279,199,217,300,298,283,282,348,300,295,231,178,124,69,46
505031258,Yanchep,913,1083,1029,825,692,858,957,949,846,771,806,692,598,484,408,366,208,124
505031303,Hocking - Pearsall,957,1041,908,924,847,923,1142,1193,1033,971,883,771,723,623,539,431,208,138
505031304,Landsdale,1374,1506,1303,1185,1077,997,1240,1694,1489,1147,1076,914,710,526,327,191,122,86
505031305,Madeley - Darch,799,1072,1180,1289,962,774,810,1102,1218,1287,1212,819,647,511,456,379,285,251
505031306,Wanneroo - Sinagra,995,1104,1017,888,842,1117,1133,1297,1045,933,888,851,832,732,718,567,377,339
506011110,Armadale - Wungong - Brookdale,2116,2016,1772,1565,1763,2304,2301,2075,1754,1392,1443,1276,1161,1024,900,691,423,393
506011111,Ashendon - Lesley,0,0,0,0,0,0,0,0,0,3,0,0,0,0,0,0,0,0
506011112,Camillo - Champion Lakes,384,421,408,443,388,415,412,449,416,364,371,401,413,385,311,214,113,89
506011114,Kelmscott,610,656,675,637,655,755,751,786,689,706,683,669,690,603,538,435,248,232
506011115,Mount Nasura - Mount Richon - Bedfordale,445,527,545,571,515,416,401,539,542,497,667,611,666,573,439,371,266,188
506011116,Roleystone,379,461,507,493,363,268,397,491,548,524,553,511,585,457,464,340,166,100
506011117,Seville Grove,1003,1188,1051,867,776,886,1071,1099,951,769,676,568,503,318,287,157,95,86
506011307,Harrisdale,1033,1334,1259,916,586,696,1176,1605,1518,935,636,442,390,288,197,148,42,44
506011308,Piara Waters - Forrestdale,1890,2170,1573,968,847,1327,2030,2608,1971,1217,811,577,466,359,250,145,77,39
506021118,Belmont - Ascot - Redcliffe,885,858,747,741,1136,1485,1483,1399,1131,1020,1064,879,932,767,616,491,285,387
506021119,East Victoria Park - Carlisle,1124,925,833,767,1480,2219,2209,1824,1416,1121,1105,896,839,698,547,422,250,238
506021120,Kewdale Commercial,0,0,0,0,0,0,0,0,0,0,0,0,0,0,0,0,0,0
506021121,Perth Airport,0,0,0,0,0,0,2,8,4,0,3,2,2,2,0,0,0,0
506021123,Victoria Park - Lathlain - Burswood,827,765,593,618,1581,2157,2007,1700,1355,982,973,961,931,827,578,382,208,198
506021309,Cloverdale,625,519,513,461,775,1011,1004,851,688,571,530,450,432,332,315,200,179,199
506021310,Kewdale,514,489,461,415,494,710,738,738,601,446,448,386,380,311,291,220,168,189
506021311,Rivervale,609,504,446,381,988,1573,1537,1161,864,689,585,613,554,545,352,264,169,159
506031124,Bentley - Wilson - St James,1069,932,829,1170,3244,3153,2393,1825,1345,953,951,833,794,703,664,612,576,824
506031125,Canning Vale - West,473,568,734,859,750,608,558,610,666,695,791,822,783,585,447,267,154,136
506031126,Canning Vale Commercial,0,0,0,0,0,2,0,0,0,0,0,0,3,0,0,0,0,0
506031127,Cannington - Queens Park,1757,1451,1065,1032,2215,3178,2856,2257,1609,1200,975,906,779,592,473,363,229,218
506031128,Parkwood - Ferndale - Lynwood,857,922,784,755,858,984,1131,1158,1042,872,880,774,855,862,776,568,366,329
506031129,Riverton - Shelley - Rossmoyne,538,958,1315,1227,952,645,586,924,1209,1118,1044,939,786,777,687,667,493,489
506031130,Welshpool,0,0,0,0,0,2,2,1,0,0,3,4,1,0,2,0,0,0
506031131,Willetton,735,1582,2116,1918,1261,797,793,1202,1832,1837,1396,1042,983,995,935,628,354,295
506041132,Beckenham - Kenwick - Langford,1462,1490,1302,1230,1635,1959,1990,1833,1668,1325,1277,1088,925,861,792,583,333,273
506041133,Canning Vale - East,1365,1881,1794,1860,1906,1791,1905,2266,2193,1923,1804,1512,1151,992,754,536,304,307
506041134,Gosnells,1540,1640,1479,1311,1451,1623,1535,1657,1655,1354,1424,1164,1163,1061,883,787,567,579
506041135,Huntingdale - Southern River,1646,2015,2000,1800,1711,1572,1661,2128,2003,1687,1597,1266,1036,845,652,407,195,172
506041136,Maddington - Orange Grove - Martin,1104,1137,1034,1032,1091,1253,1260,1322,1230,988,1009,833,815,682,604,517,309,285
506041137,Thornlie,1489,1690,1703,1556,1594,1618,1678,1883,1751,1579,1582,1416,1415,1364,1145,908,516,427
506051138,Forrestfield - Wattle Grove,1484,1614,1529,1341,1244,1365,1582,1825,1784,1424,1232,1154,1048,947,844,569,348,369
506051139,High Wycombe,767,810,779,828,737,893,988,951,850,770,814,782,780,550,512,432,348,256
506051140,Kalamunda - Maida Vale - Gooseberry Hill,733,853,1047,1002,806,565,652,849,939,1022,1137,1154,1110,956,1053,904,565,554
506051141,Lesmurdie - Bickley - Carmel,519,754,961,1017,673,439,466,620,766,858,917,819,768,677,667,576,358,364
506061142,Byford,2245,2309,2073,1527,1353,1852,2376,2189,1889,1319,1221,1001,901,692,505,351,178,126
506061143,Mundijong,518,522,578,579,502,427,471,448,488,520,612,633,448,369,295,202,111,63
506061144,Serpentine - Jarrahdale,247,276,278,292,234,229,314,322,311,301,423,425,378,271,230,194,117,60
506071145,Como,721,702,625,651,1335,1618,1470,1295,1067,837,807,732,766,775,756,521,410,456
506071146,Manning - Waterford,525,589,685,1026,1268,972,696,760,728,704,771,707,728,701,618,441,328,381
506071147,South Perth - Kensington,761,858,851,1025,1339,1540,1451,1318,1191,1130,1232,1187,1151,1059,980,751,406,345
507011148,Banjup,1806,1894,1821,1719,1622,1661,2040,2373,2135,1722,1643,1150,935,748,584,430,254,186
507011150,Bibra Industrial,0,0,0,0,0,0,3,2,0,0,1,0,3,8,2,1,1,0
507011151,Bibra Lake,0,0,0,0,0,0,0,0,0,0,0,0,0,0,0,0,0,0
507011152,Coogee,610,694,634,594,585,552,619,752,696,702,746,727,680,611,509,390,233,233
507011153,Coolbellup,523,486,468,440,654,746,866,663,587,557,610,542,502,417,353,319,225,192
507011154,Hamilton Hill,645,569,616,583,737,934,1099,1081,875,745,844,700,638,568,542,425,286,351
507011155,Henderson,0,0,0,0,0,0,0,0,1,0,2,2,3,0,0,1,0,0
507011158,North Coogee,159,160,191,194,237,295,329,295,344,289,314,396,384,296,260,132,51,68
507011159,South Lake - Cockburn Central,737,696,618,653,927,1039,1100,920,799,731,770,775,781,606,497,364,243,269
507011160,Spearwood,691,630,539,559,765,875,921,882,794,693,815,715,767,613,607,541,381,369
507011161,Success - Hammond Park,1495,1627,1485,1140,1241,1678,1867,2051,1877,1344,1165,770,726,506,349,239,159,162
507011163,Yangebup,583,571,520,443,415,537,673,716,602,509,534,517,484,401,250,157,113,102
507011259,Beeliar - Wattleup,915,829,686,697,742,1039,1103,1036,879,801,717,571,538,386,279,174,111,71
507011260,Jandakot,104,114,151,182,178,159,172,148,161,143,202,167,183,195,133,121,35,34
507021164,East Fremantle,357,464,555,576,476,357,437,512,510,567,670,566,539,463,418,305,202,248
507021165,Fremantle,1025,876,844,789,1054,1539,1593,1422,1168,1090,1285,1253,1285,1098,918,713,412,399
507021166,Fremantle - South,932,950,802,843,844,984,1167,1278,1202,979,1134,1072,1080,911,852,627,416,468
507021167,O`Connor (WA),0,0,0,0,0,0,0,0,0,2,3,0,2,0,0,0,0,0
507031169,Wellard (West) - Bertram,1862,1860,1606,1222,1520,1789,2071,2227,1861,1317,1094,784,617,444,316,177,104,63
507031170,Calista,471,508,476,463,451,566,524,536,470,491,562,487,436,363,259,249,183,210
507031172,Hope Valley - Postans,0,0,0,6,7,5,6,6,9,0,6,4,7,6,13,2,3,0
507031173,Kwinana Industrial,0,0,0,0,4,0,0,4,0,0,5,3,3,0,5,1,0,0
507031174,Parmelia - Orelia,762,784,809,799,868,825,824,838,845,806,822,749,660,534,439,371,197,154
507031261,Casuarina - Wandi,907,768,612,551,743,1255,1316,1277,885,660,617,487,411,315,220,139,74,36
507041175,Applecross - Ardross,489,729,855,753,816,693,630,726,901,797,810,779,833,726,682,573,339,342
507041176,Bateman,180,250,285,294,278,234,239,252,282,300,287,191,231,210,188,175,87,80
507041177,Bicton - Palmyra,902,885,846,864,866,944,1119,1124,1093,1007,1035,1005,888,850,801,573,429,493
507041178,Booragoon,734,972,1153,1101,1017,824,843,1058,1207,1111,1082,1072,1005,960,888,716,433,572
507041179,Bull Creek,323,600,664,556,423,383,311,549,672,525,501,406,418,480,518,479,307,341
507041180,Leeming,578,716,803,740,655,499,555,708,799,761,664,682,770,900,705,411,220,191
507041181,Melville,889,1134,1299,1480,1071,821,854,1112,1256,1293,1441,1245,1075,869,764,688,473,718
507041182,Murdoch - Kardinya,567,589,518,917,1331,1051,886,876,668,637,727,740,845,803,751,639,449,496
507041183,Willagee,361,376,374,356,332,489,503,513,372,381,416,279,252,235,209,171,125,189
507041184,Winthrop,222,359,441,467,472,307,278,339,386,390,408,437,429,480,429,267,156,125
507051186,Cooloongup,518,492,556,542,518,548,568,556,494,465,594,610,636,512,485,393,250,195
507051187,Port Kennedy,917,991,1112,1167,919,852,880,936,866,904,1094,977,826,563,444,366,205,214
507051188,Rockingham,686,706,775,839,1419,1263,1037,1009,899,964,1113,1251,1337,1257,1086,949,719,657
507051189,Rockingham Lakes,0,0,0,0,0,0,0,0,0,0,0,0,0,1,0,0,0,2
507051190,Safety Bay - Shoalwater,644,717,787,657,636,751,690,790,749,777,772,867,972,852,702,644,442,435
507051191,Singleton - Golden Bay - Secret Harbour,1621,1976,2295,2114,1630,1462,1577,1830,2048,1809,1859,1493,1073,648,502,390,185,144
507051192,Waikiki,779,861,989,923,794,747,815,791,850,800,962,951,934,709,546,396,258,187
507051193,Warnbro,710,756,807,776,692,711,769,763,701,707,727,786,784,547,426,348,225,174
507051312,Baldivis - North,1300,1204,987,839,837,1417,1575,1358,904,747,675,600,473,376,347,287,162,70
507051313,Baldivis - South,2229,2585,2581,2231,1673,1768,2411,2648,2256,1862,1769,1256,1085,827,615,616,305,179
507051314,Karnup,243,214,170,175,154,168,272,210,121,110,146,103,83,77,77,40,19,11
509011225,Albany,667,742,902,943,656,783,865,838,775,848,937,988,1169,1040,1078,864,692,748
509011226,Albany Surrounds,185,269,299,247,129,140,245,213,224,247,294,309,355,254,224,167,77,34
509011227,Bayonet Head - Lower King,310,331,365,383,236,234,292,305,348,316,381,344,373,392,357,243,180,152
509011228,Denmark,279,398,457,406,152,150,239,355,409,396,479,470,584,525,500,433,208,178
509011229,Gnowangerup,246,231,188,114,152,175,199,224,203,202,185,217,197,195,130,81,33,30
509011230,Katanning,347,289,307,284,292,304,323,292,281,247,295,312,317,285,202,176,124,92
509011231,Kojonup,273,292,308,168,158,201,191,275,241,252,287,305,351,298,212,170,145,84
509011232,Little Grove - Elleker,156,200,190,251,127,161,256,237,208,242,256,278,318,343,283,179,113,86
509011233,McKail - Willyung,726,827,863,954,655,743,672,752,751,705,824,696,758,637,571,438,275,229
509011234,Plantagenet,235,332,353,356,189,222,245,270,314,378,442,448,490,492,377,258,139,129
509011235,Stirling Range National Park,0,0,0,0,0,0,0,0,0,0,0,0,0,0,0,0,0,0
509021236,Chittering,373,374,485,464,297,226,323,374,427,412,553,563,523,332,318,254,115,103
509021237,Cunderdin,223,233,229,285,142,166,204,224,182,185,258,299,292,305,227,178,121,112
509021238,Dowerin,206,257,234,127,196,182,188,228,237,243,264,263,311,308,268,210,121,80
509021239,Gingin - Dandaragan,450,499,469,440,358,529,581,497,491,548,705,785,839,817,775,543,287,199
509021240,Merredin,295,335,341,273,336,280,299,319,272,262,321,324,359,331,295,208,125,169
509021241,Moora,300,287,330,234,204,255,263,242,306,315,307,343,352,298,226,194,94,112
509021242,Mukinbudin,160,159,137,93,102,172,201,179,190,219,254,260,265,223,188,97,82,81
509021243,Northam,635,815,790,779,581,671,683,738,715,690,805,878,895,793,703,510,274,238
509021244,Toodyay,201,256,258,267,179,190,163,250,235,227,375,485,515,455,419,256,138,85
509021245,York - Beverley,209,266,301,217,164,146,206,248,279,276,334,425,524,528,465,380,223,179
509031246,Brookton,194,211,183,153,140,188,170,195,172,176,271,286,280,255,290,182,139,128
509031247,Kulin,281,336,259,144,177,208,257,312,281,287,283,320,336,300,222,169,107,76
509031248,Murray,142,169,186,128,97,105,152,153,137,150,196,216,169,167,128,103,59,30
509031249,Narrogin,229,247,304,369,260,292,248,264,231,252,277,290,310,286,246,176,142,136
509031250,Wagin,259,299,360,232,180,230,248,257,284,292,351,361,430,400,361,262,128,104
510011262,Broome,1119,1233,1211,980,803,1307,1534,1448,1248,1053,1096,939,794,563,320,193,101,66
510011263,Derby - West Kimberley,599,686,633,600,620,781,768,628,577,430,512,451,430,280,218,116,37,38
510011264,Halls Creek,324,365,343,382,385,347,366,319,278,207,254,188,132,99,96,47,20,9
510011265,Kununurra,616,636,644,455,489,707,780,642,623,463,553,461,456,320,182,107,50,25
510011266,Roebuck,194,210,233,193,203,214,213,205,157,133,153,126,141,121,52,23,28,8
510021267,East Pilbara,145,142,182,180,394,800,808,805,679,486,583,386,361,142,50,36,32,20
510021268,Newman,409,457,318,227,263,438,511,483,358,314,262,246,180,75,31,9,1,1
510021269,Port Hedland,348,378,287,155,192,360,514,524,425,331,265,231,220,111,24,25,13,5
510021270,South Hedland,1078,1024,938,774,736,1151,1341,1252,895,744,762,663,558,291,130,41,24,24
510031271,Ashburton (WA),715,757,485,274,345,690,920,998,702,553,549,462,342,161,74,34,11,4
510031272,Karratha,1567,1767,1501,1157,905,1621,1890,2059,1652,1357,1161,865,588,316,130,60,22,13
510031273,Roebourne,355,429,399,328,298,466,481,622,511,441,374,344,265,145,85,21,34,8
511011274,Esperance,713,828,834,845,613,638,699,779,751,773,797,824,847,706,627,590,371,330
511011275,Esperance Surrounds,302,292,282,163,188,249,315,293,273,244,324,348,296,260,171,139,66,58
511021276,Carnarvon,338,323,332,300,281,343,337,314,309,312,372,380,339,336,242,156,109,71
511021277,Exmouth,282,349,276,187,303,421,538,441,380,307,319,285,360,243,206,127,68,38
511031278,Boulder,508,627,526,456,570,587,543,552,536,465,511,476,501,324,199,135,48,33
511031279,Kalgoorlie,940,958,928,823,897,1164,1137,1057,988,844,954,890,710,487,339,223,142,131
511031280,Kalgoorlie - North,775,758,650,533,525,832,810,846,666,539,554,502,475,329,210,134,96,61
511031281,Kalgoorlie Airport,0,0,0,0,0,0,0,0,0,0,0,0,0,0,0,0,0,0
511031282,Kambalda - Coolgardie - Norseman,261,252,280,283,246,357,339,312,305,260,410,348,363,267,181,121,47,26
511031283,Leinster - Leonora,210,284,219,263,437,570,571,457,413,382,395,345,290,220,90,43,28,8
511031284,Trafalgar (WA),0,0,0,0,0,0,0,0,0,0,0,0,0,0,0,0,0,0
511041285,Geraldton,606,636,668,707,632,763,684,751,656,673,857,823,910,784,701,613,404,487
511041286,Geraldton - East,553,591,686,665,469,474,475,539,489,514,600,552,543,382,325,246,150,73
511041287,Geraldton - North,663,715,755,626,421,615,685,592,597,528,690,591,528,462,383,274,144,130
511041288,Geraldton - South,738,775,899,760,484,587,715,739,780,744,761,622,656,575,431,345,205,190
511041289,Irwin,124,162,230,221,156,109,120,174,206,213,254,304,338,410,317,242,156,106
511041290,Meekatharra,161,168,135,135,227,363,296,266,232,242,224,270,201,162,149,82,42,18
511041291,Morawa,255,225,208,177,135,147,233,261,256,218,255,330,344,339,266,188,89,98
511041292,Northampton - Mullewa - Greenough,236,362,353,274,214,185,229,354,313,324,472,467,521,548,448,275,157,128
601011001,Bridgewater - Gagebrook,631,781,723,674,616,694,672,514,491,434,448,406,429,381,319,221,77,55
601011002,Brighton - Pontville,450,477,489,404,441,557,511,505,386,423,476,399,394,295,248,207,116,67
601011003,Old Beach - Otago,333,302,296,271,278,305,350,381,321,305,313,320,338,332,264,249,132,66
601021004,Bellerive - Rosny,290,325,349,347,266,431,482,474,351,361,383,384,454,432,404,381,222,264
601021005,Cambridge,495,551,605,551,443,293,455,595,564,551,691,569,733,632,457,356,202,114
601021006,Geilston Bay - Risdon,195,194,206,193,173,230,244,299,232,226,231,205,213,253,148,130,99,110
601021007,Howrah - Tranmere,586,634,696,700,565,671,761,792,812,736,763,736,741,648,716,666,477,367
601021008,Lindisfarne - Rose Bay,354,393,376,350,336,466,663,491,419,391,413,405,503,507,468,431,324,542
601021009,Mornington - Warrane,315,294,262,225,303,563,543,411,283,248,293,248,271,223,220,201,127,147
601021010,Risdon Vale,202,223,208,200,201,395,396,326,271,190,206,166,183,114,129,117,89,72
601021011,Rokeby,693,646,546,466,526,905,1055,795,587,398,406,354,363,353,301,191,114,64
601021012,South Arm,232,263,313,295,190,144,224,291,311,369,342,336,411,381,285,178,62,61
601031013,Austins Ferry - Granton,267,238,297,317,251,276,321,327,286,338,333,287,289,226,216,128,112,65
601031014,Berriedale - Chigwell,322,386,388,378,252,448,509,400,376,324,353,339,360,306,246,187,130,145
601031015,Claremont (Tas.),412,463,527,496,491,622,761,646,490,438,498,509,513,401,387,378,284,250
601031016,Derwent Park - Lutana,272,240,253,215,218,471,556,375,332,227,256,256,239,228,205,140,91,84
601031017,Glenorchy,695,532,615,661,723,1285,1458,1047,683,572,631,640,649,573,488,485,292,360
601031018,Montrose - Rosetta,255,262,268,291,215,389,467,353,330,268,272,270,315,304,241,215,177,173
601031019,Moonah,321,277,294,247,287,598,728,462,401,328,304,262,311,301,193,160,103,104
601031020,New Norfolk,441,419,527,460,403,471,480,522,447,406,482,504,500,462,357,327,188,174
601031021,West Moonah,250,226,210,220,222,459,520,397,303,229,231,199,231,167,182,115,85,81
601041022,Kingston - Huntingfield,800,847,854,820,721,1138,1264,1172,975,811,780,636,701,653,675,535,364,324
601041023,Kingston Beach - Blackmans Bay,559,606,698,676,537,556,621,677,781,706,799,672,775,774,714,539,351,242
601041024,Margate - Snug,493,650,703,575,368,400,507,621,573,626,573,537,539,468,378,331,190,132
601041025,Mount Wellington,0,0,0,0,0,0,0,0,0,0,0,0,0,0,0,0,0,0
601041026,Taroona - Bonnet Hill,107,190,252,282,185,124,150,174,210,256,301,258,249,237,216,192,94,116
601051027,Hobart,242,214,246,437,1151,1378,1185,715,454,414,456,412,440,428,472,312,181,189
601051028,Lenah Valley - Mount Stuart,496,546,503,511,385,648,836,758,668,573,638,513,522,496,394,287,187,194
601051029,Mount Nelson - Dynnyrne,186,274,340,332,555,394,390,352,356,326,321,276,234,258,262,182,83,54
601051030,New Town,298,288,324,316,427,608,671,496,410,378,442,347,438,322,287,225,134,175
601051031,Sandy Bay,404,485,555,671,1130,1380,1119,801,620,579,622,642,683,683,718,605,374,439
601051032,South Hobart - Fern Tree,271,382,423,409,495,541,496,493,475,476,442,381,391,316,320,204,163,172
601051033,West Hobart,230,294,317,379,412,616,623,506,356,388,449,386,415,341,295,209,131,111
601061034,Dodges Ferry - Lewisham,496,531,506,486,375,485,545,584,570,518,609,652,789,666,571,322,144,97
601061035,Sorell - Richmond,592,626,608,491,505,672,792,752,575,573,623,662,771,613,614,466,315,289
602011036,Invermay,161,152,140,165,400,445,373,246,167,189,210,190,194,180,120,89,62,41
602011037,Kings Meadows - Punchbowl,280,293,334,276,318,423,423,319,337,322,295,249,242,244,187,182,142,178
602011038,Launceston,224,218,264,312,329,490,458,382,311,324,360,341,396,296,324,204,122,126
602011039,Legana,288,307,345,337,263,292,329,312,324,279,342,273,306,283,250,223,169,117
602011040,Mowbray,202,199,215,222,392,525,423,311,260,188,203,216,222,150,140,109,91,66
602011041,Newnham - Mayfield,633,654,559,553,913,996,877,719,601,464,540,506,505,427,362,323,219,190
602011042,Newstead,227,323,345,375,327,306,322,293,312,344,397,350,333,266,315,278,202,235
602011043,Norwood (Tas.),173,227,249,275,167,158,212,219,224,227,250,209,221,260,249,255,190,221
602011044,Prospect Vale - Blackstone,312,359,403,373,325,299,401,399,407,419,482,498,488,445,428,393,278,239
602011045,Ravenswood,246,300,314,263,279,303,277,225,185,239,282,230,190,181,206,160,84,27
602011046,Riverside,388,428,484,537,395,368,506,534,468,394,488,389,441,500,361,366,223,205
602011047,South Launceston,303,244,297,212,308,515,515,387,322,258,259,258,241,210,161,167,101,164
602011048,Summerhill - Prospect,310,311,272,304,304,323,369,341,276,325,293,286,321,278,263,225,125,130
602011049,Trevallyn,233,285,352,326,241,284,320,308,358,324,409,300,283,293,191,180,114,95
602011050,Waverley - St Leonards,246,272,293,245,236,311,325,325,260,240,231,234,254,202,169,108,72,77
602011051,West Launceston,202,228,214,238,252,263,272,290,277,275,294,302,299,267,199,183,92,103
602011052,Youngtown - Relbia,301,308,291,283,264,360,384,286,302,281,337,302,316,274,271,253,189,169
602021053,Beauty Point - Beaconsfield,155,182,195,165,147,135,186,160,181,181,273,378,460,479,393,268,155,72
602021054,Deloraine,265,341,361,365,251,361,345,323,292,318,421,429,537,480,451,344,212,176
602021055,Grindelwald - Lanena,260,312,379,361,278,230,273,287,332,373,455,527,609,535,470,345,215,139
602021056,Hadspen - Carrick,210,248,256,224,200,203,226,270,219,230,255,294,252,226,172,136,70,65
602021057,Westbury,227,237,290,274,185,263,251,227,262,261,303,332,349,368,325,227,132,99
602031058,Dilston - Lilydale,233,291,262,278,145,186,216,274,260,299,379,412,372,343,238,208,81,60
602031059,George Town,350,387,422,409,304,368,384,395,383,365,490,587,623,601,527,411,220,188
602031060,Longford,215,249,255,248,235,278,285,227,231,223,299,285,334,333,316,284,134,162
602031061,Northern Midlands,198,200,219,208,159,205,205,217,191,211,301,279,301,298,269,181,99,77
602031062,Perth - Evandale,335,326,329,305,271,386,371,323,254,288,415,391,447,414,334,283,151,113
602031064,St Helens - Scamander,229,304,337,269,220,228,242,350,358,361,499,556,798,748,633,491,279,166
602031099,Flinders and Cape Barren Islands,23,41,45,23,17,19,26,64,35,66,64,64,93,105,89,93,49,17
602031100,Scottsdale - Bridport,322,362,421,435,278,341,352,376,362,349,427,522,601,570,487,334,211,252
603011065,Central Highlands,108,109,122,135,98,127,129,126,135,121,158,196,264,234,227,130,47,34
603011066,Derwent Valley,132,190,219,251,202,132,162,172,230,271,285,248,329,217,193,112,61,47
603011067,Southern Midlands,349,395,388,418,390,355,431,373,417,424,485,549,553,478,400,271,139,103
603011068,Wilderness - East,1,0,0,0,0,2,0,0,0,0,1,2,1,0,0,0,0,0
603021069,Bruny Island - Kettering,137,173,192,158,95,92,113,167,209,220,252,264,352,371,325,267,126,72
603021070,Cygnet,210,260,308,294,204,143,231,279,275,326,330,378,471,455,408,299,113,76
603021071,Geeveston - Dover,183,213,247,199,151,215,204,209,223,242,321,322,435,358,334,251,128,63
603021072,Huonville - Franklin,567,618,631,622,460,566,653,646,627,638,688,687,741,600,506,370,223,250
603031073,Forestier - Tasman,80,78,104,126,83,88,76,111,141,144,179,225,329,330,252,177,110,53
603031074,Triabunna - Bicheno,145,161,171,182,165,236,286,256,242,247,329,369,558,545,528,415,212,171
604011075,Acton - Upper Burnie,211,192,218,225,197,280,198,213,208,183,192,193,206,188,154,162,92,94
604011076,Burnie - Ulverstone Surrounds,292,270,299,332,258,314,307,284,286,324,437,465,450,386,304,181,91,49
604011077,Burnie - Wivenhoe,224,230,231,209,177,290,275,258,188,185,251,238,285,230,188,124,78,78
604011078,Parklands - Camdale,381,452,514,526,416,400,417,378,428,411,502,400,449,392,323,281,182,213
604011079,Penguin - Sulphur Creek,270,321,321,312,211,277,344,308,298,337,381,430,461,393,330,265,179,152
604011080,Romaine - Havenview,182,223,225,234,211,259,260,224,233,201,234,242,217,226,161,137,99,68
604011081,Somerset,202,204,248,256,192,223,203,216,200,251,294,304,349,307,257,221,112,142
604011082,Ulverstone,338,367,421,387,335,292,329,384,365,379,415,469,590,524,527,449,351,259
604011083,West Ulverstone,221,242,289,292,215,215,235,246,233,216,307,315,320,337,317,261,165,179
604011084,Wynyard,333,381,419,363,243,270,376,371,344,334,348,453,493,504,475,443,278,208
604021085,Devonport,726,800,877,920,723,1044,1008,902,774,799,936,889,975,849,873,766,514,521
604021086,East Devonport,279,298,305,283,238,354,362,302,235,263,317,330,368,342,350,301,177,130
604021087,Latrobe,304,282,348,346,312,335,381,319,292,333,355,322,354,364,379,292,198,157
604021088,Miandetta - Don,196,227,275,263,180,206,240,230,247,228,273,207,265,239,180,153,108,68
604021089,Port Sorell,275,334,331,349,260,206,298,349,326,319,499,474,639,618,602,467,263,195
604021090,Quoiba - Spreyton,163,184,190,176,156,191,214,201,203,191,248,233,214,231,193,142,85,45
604021091,Sheffield - Railton,283,319,394,387,299,281,355,362,388,374,508,616,664,520,442,353,175,119
604021092,Turners Beach - Forth,165,184,224,237,112,180,216,187,205,208,284,298,290,266,240,185,82,59
604031093,King Island,104,96,102,83,49,78,122,106,103,74,100,126,124,119,100,70,59,33
604031094,North West,305,279,301,268,196,270,241,269,272,265,280,308,359,293,232,150,59,54
604031095,Smithton,229,218,268,245,202,221,250,241,213,158,268,248,290,246,221,186,120,127
604031096,Waratah,175,229,263,248,149,145,200,225,216,237,338,332,346,295,244,167,81,60
604031097,West Coast (Tas.),179,255,218,193,161,274,296,251,265,243,330,392,332,365,260,170,101,74
604031098,Wilderness - West,0,0,0,0,0,0,0,0,0,0,0,0,0,0,0,0,0,0